{"accessibilityPrompt":true,"alwaysOnTop":false,"arch":"arm64","asar":false,"blockExternalUrls":false,"bounce":false,"buildDate":1679439467530,"clearCache":false,"counter":false,"darwinDarkModeSupport":false,"disableContextMenu":false,"disableDevTools":false,"disableGpu":false,"disableOldBuildWarning":false,"electronVersionUsed":"16.0.6","enableEs3Apis":false,"fastQuit":false,"fullScreen":false,"height":800,"hideWindowFrame":false,"ignoreCertificate":false,"ignoreGpuBlacklist":false,"insecure":false,"isUpgrade":false,"maximize":false,"name":"GroupMe","nativefierVersion":"46.0.4","portable":false,"showMenuBar":false,"singleInstance":false,"targetUrl":"https://web.groupme.com/","tray":"false","userAgentHonest":false,"width":1280,"widevine":false,"win32metadata":{},"zoom":1,"oldBuildWarningText":""}